txt,label,correct_label
Não saio nem na calçada ...Nem por decreto...,inform,
Os sintomas apareceu no domingo só que ñ tô sentindo meu paladar e olfato...,inform_symptoms,
Mas também tava tossindo muito,inform_symptoms,
"Mas estamos prontos para levá-lo ao Hospital São Matheus caso a queixa se agrave, ja entrei até em contato com o hospital",inform,
Mais não sou eu q estou com sintomas,inform,
Só falta de ar,inform_symptoms,
Ou melhor,inform,
Passa depois volta,inform_symptoms,
Sinusite ela sempre teve as crises,inform_symptoms,
Não tem janela,inform,
Estava me.sentindo bem... Aí quando fui verificar deu isso.,inform_symptoms,
"Sim,com exceção dessa moleza nos braços e pernas",inform_symptoms,
Comecei com dor no corpo durante o dia,inform_symptoms,
"Estou sem febre e sem dor de cabeça, mas com um mal estar, fraqueza",inform_symptoms,
Nenhum desses,inform,
Deus me deu outro chance pois serve ao senhor e isso ele da a Vitória,inform,
Há cinco dias,inform,
Posso no momento ser um perigo,inform,
"Tomei dipirona pra febre, quando estou tossindo muito tomo um jato de Aerolin e passo Vick na garganta",inform_medicine,
"Não vejo melhora, somente piora. Mas tudo bem, vou aguardar",inform_symptoms,
Cabeça pesada e um pouco de dor abdominal,inform_symptoms,
E desde que ele nasceu não teve nenhum consulta,inform,
Gostaria de saber sobre esses sintomas q estou sentindo,request_inform,
Só uma coisa,request_inform,
Ela sente falta de ar quando tosse e se cansa facilmente,inform_symptoms,
E fiz bariátrica,inform_symptoms,
mas parei,inform,
A dor de cabeça passou,inform_symptoms,
Nos caso,inform,unknown
Eu continuo tomando os medicamentos aqui?,request_inform,
E hoje eu não apresentei febre,inform_symptoms,
o fato de nao sentir nada dificulta,inform_symptoms,
Nao doi dentro,inform_symptoms,
E o que podemos tomar? Para esses sintomas que sentimos ?,request_inform,
"Bom dia. Dia 20/04 eu tive contato brevemente com uma pessoa que estava doente e com suspeita de covid, mas o médico que atendeu essa pessoa ficou na dúvida se era covid ou dengue e não chegou a concluir um diagnóstico.  Quando foi domingo (26/04), eu comecei a sentir palpitações no coração e um pouco de falta de ar, nada que respirar fundo algumas vezes não resolvesse, mas os episódios eram bem frequentes. Fiquei sentindo isso até quarta (29/04).  Na quinta (30/04), eu amanheci com febre alta, calafrios e espasmos, mta dor no corpo, dor de cabeça insuportável, dor facial, congestão nasal, mta dor de garganta, desconfo",inform_symptoms,
Respiro normal.. Mas a dor é forte..,inform_symptoms,
Mesmo jeito,inform,
Mas ontem tive febre,inform_symptoms,
Não fique  continue tomando mesmo sem ter mais febre,inform_symptoms,
Somente WhatsApp,inform,
A tosse vem como se fosse pra desgrudar a secrecao..mas um vez ou outra e falta de ar no momento nao..sentir falta de ar ja faz mais de uma semana..mas pasou..fiz uso do aerosol..e nap tive mai,inform_symptoms,
"Pior q eu apago a luz, o medo aumenta, acendo a luz , fecho a luz enfim..",inform_symptoms,
"Sim! E um pouco de náusea, mas não é algo que me impede de ler",inform_symptoms,
Meu nome e Marilene,inform,
Tem a Upa de maranguape,inform,
Tenho diabete,inform_symptoms,
"Isso mesmo.  Agora, estou sem dor de cabeça, nem aquela sensação estranha no corpo, a chamada moleza.  Com relação a alimentação, sem alteração. Só quando tive uma dor de cabeça forte pela manhã, foi que eu não me senti com vontade de me alimentar. Mas, paladar e olfato, não sofreram alteração.",inform_symptoms,
Isso principalmente a noite,inform,
Nós duas estamos com os mesmos sintomas,inform_symptoms,
Ele fica como uma montanha russa,inform_symptoms,
"Eu estou com fadiga ,cansoço, falta de apetite a febre passou mas estou assim sentindo cansaço ao realizar atividades pequenas",inform_symptoms,
Mim,inform,unknown
Tenho nodolus da tireóide,inform_symptoms,
Fiquem com Deus,greeting,
"Estado febril para melhor dizer. Com 36,8",inform_symptoms,
E muita ansiedade,inform_symptoms,
Faz muito tempo.,inform,
Disse tudo que eu lembrei mais cedo,inform,
Ainda com febre.38.1,inform_symptoms,
Com vários sintomas e já estou fazendo o tratamento com azitromicina e hidroxicloroquina,inform_medicine,
Porém n fiz exame da covid por não ter sintomas graves,inform_symptoms,
Suspeita do caso que está acontecendo no mundo inteiro?,request_inform,
Uns 4min da minha casa..,inform,unknown
Mas tinha tomado novalgina porque estava com dor no corpo,inform_medicine,
E Tenho Sinusite e Asma,inform_symptoms,
vou usar p verificar,inform,
Vou pedir sim,inform,
Pois tá certp,inform,
Eu eatava sem paladar e olfato,inform_symptoms,
Bom dia estou com falta de ar,inform_symptoms,
"Não,graças à Deus",inform,
OBG,greeting,
"Dores nas costas, pernas",inform_symptoms,
Juliana  Desde de ontem à noite Comecei a sentir dor na  garganta Dor no corpo Dor de cabeça,inform_symptoms,
"Ontem a noite eu fiquei com a respiração cansada, mas conseguia respirar",inform_symptoms,
Mas já tive febre de 38 graus ontem,inform_symptoms,
Tudo bem. Obrigado,greeting,
Estou tomando esse.,inform_medicine,
Depois de amanhã já não posso mais passar o vírus para ninguém né?,request_inform,
Eu só queria conseguir ir em algum canto que me atendesse passe remédio pra essa tosse e pra esse cansaço,request_inform,
Obrigado tenha uma boa tarde,greeting,
E como devo fazer,request_inform,
Bom dia Valeska,greeting,
Aparente ñ,inform,
Tenho mais dois filhos em casa. Somos em quatro.,inform,
Qualquer posto ?,request_inform,
A ajuda e o contato de vocês têm sido essenciais,inform,
porém não tive febre,inform_symptoms,
Estou tomando dorflex para dor no corpo pode ?,request_inform,
Sentia nós primeiros dias mas agora não doi,inform_symptoms,
Ainda não tomei meus medicamentos matinais,inform_medicine,
Ou foi 750,inform,unknown
Maxalgina,inform_medicine,
Posso tomar o expectorante EXPEC.,request_inform,
só tive fortes dor de cabeça,inform_symptoms,
Quando ela tosse a gente marca o horário,inform_symptoms,
Eu estou com falta de ar,inform_symptoms,
Obg pela atencao,greeting,
N fui ao medico,inform,
Dipirona é mais eficaz ?,request_inform,
Já falei pra vocês que tive no hospital na quinta passada. O médico me examinou. Me escutou e viu a minha oxigenação e estava tudo normal. Ele só não olhou minha garganta.,inform_symptoms,
A uma semana tomei a vacina da gripe,inform_medicine,
Posso ir lá mesmo,request_inform,
Nao atende,inform,unknown
A senhora analisaria meus dedos?,request_inform,
Acho que não,inform,
Sim. Mas é muito pouco.,inform,
Completa 60 agora em junho.,inform,
"Uma pergunta, estou pensando em fazer um raio-x dos pulmões, o que vc acha?",request_inform,
Entendi como tenho diabete e pressao alta fiquei com medo,inform_symptoms,
"Ok, obrigada. Posto de saúde funciona nos fds? Eu posso esperar até seg?",request_inform,
Moça além da Dipirona eu posso tomar meracilina,request_inform,
Acordo cedo mesmo indo durmi tarde,inform,
Então,request_inform,unknown
pode me explicar rapidamente,request_inform,
Então eu fico em casa cem sair pra canto nenhum é isso,inform,
Apenas queimação,inform_symptoms,
Já tomou,inform_medicine,
Obrigado!!,greeting,
Mais hj está mais intenso,inform,
Vamos ver aqui,inform,
"Certo, muito obrigada!",greeting,
Gosta de ajudar outras pessoas,greeting,unknown
Amamentar,inform,unknown
É um ciclo horrível,inform,
"Tive febre 37,8 e tô com muita dor de cabeça no corpo e dor de barriga e diarréia",inform_symptoms,
E fiz a coleta do exame para covid19,inform,
Ar,inform,unknown
"Não, mas provavelmente vou amanhã por conta da garganta",request_inform,
"Eu já entrei em contato hoje mais cedo. É pra tirar dúvidas sobre sintomas que o meu marido está sentindo há dois dias. Tosse, moleza e nessa noite ele teve febre.",inform_symptoms,
Confesso que não,inform,
Certo. Posso tomar chás como de camomila?,request_inform,
Eu e minha mãe estamos com. Perda do olfato,inform_symptoms,
Sarou sim. Apenas catarro peasiste mas em pouca quantidade.,inform_symptoms,
Água de Coco posso tbm ?,request_inform,
Um minuto,inform,
Não fui. Não estou querendo me expor a hospitais.  Só se for em último caso.,inform,
Mas estamos preocupados,inform,
só com o soro,inform_medicine,
Tá atendendo hj?,request_inform,
Desânimo e gastura,inform_symptoms,
Não sei se é uma virose que eu possa tratar em casa ou se devo ir ao médico devido eu também ter lúpus,inform_symptoms,
"Estou a 3 dias sem alfato e paladar, e uma moleza no corpo...",inform_symptoms,
37 gral,inform,unknown
Vou colocar isso na minha rotina,inform,
Tive q levantar e ficar na varanda tentando me acalmar pra tentar ficar bem,inform,
Febre que não passa com a medicação,inform_symptoms,
Dor nos olhos e febre e dor no corpo,inform_symptoms,
Preciso tirar uma dúvida sobre o medicamento oscillococcinum,request_inform,
Agora tá calma por que ele tá tomando dipirona 1g,inform_medicine,
E dipirona em gotas,inform_medicine,
Tosse as vezes,inform_symptoms,
"Já senti quase todos os sintomas da doença, bastante leve, você acha q seu ainda posso piorar ? Analisando os casos que já atendeu",request_inform,
"Ok, eu estou indisposto, me sinto cansada quando  estou fazendo  algo,  ñ  sinto  gosto nem cheiro",inform_symptoms,
já estamos fazendo isso,inform,
E colocar pra estender em outro cômodo,inform,
E uma tosse com cócegas na garganta,inform_symptoms,
Eu falo mas preciso parar várias vezes pra respirar...,inform_symptoms,
O osso das costas alto,inform_symptoms,
Você pode me indicar algum,request_inform,
E a noite,inform,
Aceito,inform,
Só em ksa,inform,
"Eu só estou com tosse que dificulta um.pouco minha respiração, mas só por causa da tosse mesmo. Não tenho febre, nem outros sintomas",inform_symptoms,
Muito sucos nov alguns 1g. Ou dipirona,inform_medicine,
Estou somente um pouco indisposta,inform_symptoms,
E sinto muita falta de ar quando eu deito,inform_symptoms,
E bronquite.,inform_symptoms,
Sábado tive febre,inform_symptoms,
As vezes .. mais leve...e fico suado ...aquele suor frio,inform_symptoms,
"Então eu acordei hoje bem fraca, tenho 37,72 C* e tosse",inform_symptoms,
O pai dele teve. Mas ele só teve contato com ele depois que saiu do hospital após 15 dias.,inform,
Mas procurei me alimentar bem e melhorei,inform,
"Ontem sentiu febre e estava com a respiração mais profunda, mas hoje não apresentou nenhum sintoma",inform_symptoms,
Se for você que mim atender da próxima vez,inform,unknown
Ontem à noite fiz.,inform,
Mas estou demorando pra conseguir dormir,inform_symptoms,
Detalhe é que durante o uso da predisona a tosse cessou,inform_medicine,
Pra passar logo,inform,
E mesmo sem sentir direito o ssbor da comida eu me alimento super bem e nada de frituras,inform_symptoms,
Estou evitando o máximo,inform,unknown
Não só no início uns 2 dias,inform,
"tipo, em caso de pensamento suicida, eu volto a ir na emergência?",request_inform,
Eu eu sofro tb fibromialgia,inform_symptoms,
"apenas para dor, paracetamol, estava com dores na lombar e talvez achei que fosse uma crise de cálculo renal",inform_medicine,
Também serve,request_inform,
A tosse tbm está mais fraca,inform_symptoms,
Siiim,inform,
N tomo nenhum medicamento,inform_medicine,
E pq tosse muito e fica com dor no corpo,inform_symptoms,
Informaram que era virose.,inform_symptoms,
"Nesse exato momento estou com 36,9",inform,
Tô internada,inform,
Qual melhor paracetamol ou Dipirona?,request_inform,
"Estou apenas com tosse e dor de cabeça, cansaço parou e a tontura tbm",inform_symptoms,
"Meus problema surgiram dia após dia, primeiro diarréia, outro dia dificuldade pra respirar, e dois dias seguidos de febre muito forte com dores no corpo e dor de cabeça junto com os outros problemas dos dias anteriores",inform_symptoms,
Quando respiro mais forte.,inform,
"Ele toma banho frio, normalmente",inform,
Porque moro só com minha irmã longe da famílianão quero conta pra ela porque ela já tem problema,inform,
Tbm vou levar meu filho que tem autismo,inform,
"Muita dor no corpo e nas articulações. A febre cedeu e a dor de cabeça aliviou, mas minha garganta começou a coçar",inform_symptoms,
Eu estava fazendo o tratamento do hipotireoidismo tive nódulo Benigno mas fico com medo que vire maligno,inform_symptoms,
Às vezes espirro,inform_symptoms,
Por exemplo agora eu estou respirando normal + de vez ou outra eu puxo o ar mas tenho a sensação que ele não enche o pulmão todo como se tivesse um entalo.,inform_symptoms,
"Me chamo Kelvia, então eu estou com suspeita que meu esposo que está com o covid 19, pois jantem febre a 4 dias, está com muita dor muscular, e está com um pouco de falta de ar.",inform_symptoms,
"Dispneia em repouso, frequência da respiração rápida e esforço respiratório. Esses sintomas mais ontem à noite. Agora só a frequência da respiração e bem menos!",inform_symptoms,
Obrigada  No momento não.,greeting,
Antes de eu fala com vc,inform,unknown
Estou muito cansada ainda,inform_symptoms,
Na quarta deu 38 Quinta e ontem pouco menos de 39,inform,
Muito ansiosa não consigo dormir a noite.  Sinto muito angústia tem dias. Sempre fui muito preocupada.,inform_symptoms,
Cansaço ta melhor,inform_symptoms,
"Eu ontem a noite fui dormir com um louvou b baixinho, quis cochilar,mais do nada me esperei tive que me levantarce ficar andando dentro de casa",inform_symptoms,
Não é uma dor forte,inform_symptoms,
"Foi quando ela estava parada, ela diz que é como se fosse um aperto no peito. Aí precisa respirar um pouco mais fundo para poder retomar",inform_symptoms,
"Não,  nenhuma .. obrigado",greeting,
Que não pode,inform,unknown
O que posso dá-la para tosse ?,request_inform,
No caso eu moro com meu marido,inform,
Ser atendido,inform,unknown
Tô sentindo tbm meu paladar alterado,inform_symptoms,
Me sinto cansada e muitas vezes penso em desistir,inform_symptoms,
Não estou conseguindo,inform_symptoms,unknown
Nenhum outro sintoma,inform_symptoms,
"Ele como ja faz uma semana  ñ  esta tendo nem febre,nem dor no corpo e nem tosse..porem a falta de paladar olfato e apetite permanecem",inform_symptoms,
E a/o senhor(a)  se cuide tbm,greeting,
Muita dor de cabeça e mal-estar,inform_symptoms,
Dipirona serve pra dor na garganta,inform_medicine,
Só deu hoje,inform,
Por enquanto não. Obrigada. Boa noite!,greeting,
Minha mãe está com perda de olfato e tosse,inform_symptoms,
Não consigo passar muito tempo em pé fico cansado,inform_symptoms,
Não sabemos tbm,inform,
O disco de contaminação e bem maior,inform,
Estou sentido um incomodou,inform_symptoms,
Minha mãe tb sente falta de sono (talvez por estar aflita com a situação),inform_symptoms,
Eu vou com o menor sitoma,inform_symptoms,
tá ok,greeting,
Falta de ar ele não sentiu.,inform_symptoms,
A q está doente,inform,
Não só por aqui na central médico,inform,
Não precisei ir,inform,
Pois tenho febre e vi que um dos sintomas do corona e um incômodo na caixa tórax que pode acontecer,inform_symptoms,
tenho 35,inform,
E nem sai pra lugar nenhum,inform,
Até agora está tudo bem. Vou esperar mais uns dias e qualquer coisa dou um retorno aqui pra vocês!,inform,
Mais se não passa isso até amnah tenho que procura um médico,inform,
nao posso tomar remedio,inform_medicine,
Olha eu já tive eventos de sindrome do pânico e ansiedade Tive algo parecido,inform_symptoms,
Nesse caso...devemos nos preocupar?,request_inform,
Se eu conseguir digitar,inform,
Tô com o ventilador do quarto logado pra esfriar mais o ambiente,inform,
O Brasil todo torce por vcs,inform,
Com vcs,inform,unknown
de 12 em 12 horas,inform,
Ela tem doença vronica como diabete e presao,inform_symptoms,
O que posso tomar?,request_inform,
E em.qualquer esforço físico.me da u.a suideira a que suor frio e um.esmorecimento,inform_symptoms,
Agora está 37,inform,
E não passa,inform,
E nem precisei ir pra nem uma unidade médica,inform,
E como é,inform,
cansaço extremo,inform_symptoms,
Já estamos,inform,
Só fico pensando se vou piorar ou meu pai.,inform,
So quando esta alta ele toma,inform_medicine,
Quintino cunha,inform,unknown
"Não, só gastura",inform_symptoms,
"Comecei a suar frio e desmaiei, está com 3 dias seguido que levanto e acontece isso",inform_symptoms,
Postos não atende,inform,
Vai fazer 2 semanas,inform,
Pedi minha irmã antes de ontem  por causa do infarto,inform_symptoms,
4 vezes.,inform,
Continuo tomando,inform_medicine,
Tive a três dias atrás,inform,
Como falei os sintomas d febre e dor de garganta passaram,inform_symptoms,
Vc acha que estou contaminando?,request_inform,
Tive tambem dois episódios de vômitos,inform_symptoms,
Ontem comecei sentir umas dores forte nas costas,inform_symptoms,
A 1 semana,inform,
Um pouco de nariz entupido,inform_symptoms,
Pode deixa eu vou colocar,inform,
Não  Nada,inform,
"Almoço, lavar roupas, cuidar do pequeno que tem 3 anos, limpar o apartamento...tudo",inform,
"Garaganta doendo, olho vermelho ouvido doendo sem paladar e olfato fadiga",inform_symptoms,
"Não, acho que por hoje foi muito bom",inform,
"A quatro dias estou com febre e dor no corpo e sem conseguir sentir gosto nem cheiro, a dois dias começou uma dor de cabeça e hj quando cheguei do trabalho comecei a sentir uma leve falta de ar que agora tá apertando mais",inform_symptoms,
Para ficar comigo,inform,
Hoje tomei doralgina pra dor de cabeça,inform_medicine,
"Na semana passada minha temperatura estava em 35°G - 36°G . Domingo eu comecei a Sentir Dor de Cabeça  Febre  E Tossindo não muito, É como se minha Garganta tivesse coçando e eu forçando . Ontem tirei a Temperatura estava em 37'5°G e estou um pouco febril, Tossindo mais ñ muito  Mais o Nariz está ok .  Não tô com catarro  .  Não estou tendo dificuldade em respirar",inform_symptoms,
A febre é o único que não estou mais sentindo,inform_symptoms,
"Estou muito ansiosa , sinto muito medo de pegar essa doença medo por mim e minha mãe já idosa , eu fico em Pânico so de pensar nisso",inform_symptoms,
Pois nao tenho termometro,inform,
E ti sentindo  dor de cabeça,inform_symptoms,
Comecei sentir hoje,inform,
Pode ser isso?,request_inform,
"Estou sentindo uma dor na garganta, com um pouco de falta de paladar",inform_symptoms,
Só frio,inform_symptoms,
Passou duas semanas,inform,
"A falta de ar ele veio começar de ontem pra hoje, mais antes já sentia um cansaço em qualquer coisa que fosse fazer",inform_symptoms,
Chá de erva doce e chá de limão na hora,inform_medicine,
Nao tá mais cossando a garganta,inform_symptoms,
Não estou sentindo cançaso,inform_symptoms,
Mais me tira uma duvida,request_inform,
"Febre,dificuldade pra respirar tossi algumas vezes!falta de apetite.",inform_symptoms,
Eu fico meio receoso e ir ao posto e pegar algo ou passar pra alguém,inform,
Só me preocupo com essa dor,inform,
E tomar decadron,inform_medicine,
"Tive ânsia algumas vezes, mas não vomitei",inform_symptoms,
Tou apavorado,inform_symptoms,
Valeska  Meu pai está meio mole a dois dias,inform_symptoms,
"Foi muito ruim, tem como ser o covid mesmo sem sentir febre?",request_inform,
Tbm dores nos olhos,inform_symptoms,
Mas com a garganta ardendo e sem olfato e paladar,inform_symptoms,
Hoje já estou  Com 13 dias,inform,
Boa tarde com quem eu falo ?,request_inform,
Snao fui ao medico ainda,inform,
E intensificou outros sintomas na quinta a noite,inform,
E faz o que msm?,request_inform,
Vou agora,inform,
Faz tratamento no caps,inform,
as vezes alta as vezes baixa,inform,
Só domingo..  Que foi quando eu fui no posto e o médico passou esse medicamento,inform,
Tomo remédio para hiportireide.,inform_medicine,
Quarta passada senti febre de 37 certo,inform_symptoms,
Não entupido de vez em quando,inform_symptoms,
Nunca ouvi falar,inform,
Mas aí corro o risco de ir e ser infectada,inform,
Não muito ! Mas uma sensação de agonia,inform_symptoms,
Uma clínica geral,inform,unknown
isso tá mim deixando bastante tensa também,inform_symptoms,
Posso mandar áudio,request_inform,
Eu,inform,
Foi medida,inform,
Não faz uso de remédio,inform_medicine,
"Dor de cabeça, dor nos olhos",inform_symptoms,
"Mesmo apesar da leve melhor, os sintomas de gravidade como cansaço ainda podem aparecer?",request_inform,
Talves seja ate por isso minhas dores de cabeça,inform_symptoms,
Tem como uma equipe médica vir na minha casa?,request_inform,
Mais o meu maior,inform,
Só as dores nas costas,inform_symptoms,
Tou tomando soro tmb,inform_medicine,
Ver Tô,inform,unknown
dor na garganta,inform_symptoms,
Q alivia mais,inform,
Agradeço muito sua atenção. Tenha uma maravilhosa noite,greeting,
Mas vou me informar,inform,
Mais nao tenho muita vontade de beber agua,inform_symptoms,
As falta sim,inform,unknown
Ele voltou pra casa...verifiquei a PA dele agora a pouco e deu 15×9,inform,
Ok Grato pela atenção,greeting,
Remédios diários só contraceptivos,inform_medicine,
E teve um dia de febre de 39°,inform_symptoms,
E ontem a noite chegou a 38,inform_symptoms,
Quinta feira no final do dia,inform,
Eu sinto uma dor na zona t do rosto nas maças,inform_symptoms,
Como posso tratar isto,request_inform,
"Estou desde domingo espirrando, cansado e com febre. Desde então venho remediando os sintomas com paracetamol. Hoje, entretanto, isso não foi o suficiente para baixar a febre. Tenho registrado 37,4°C (com o termômetro na axila) e 38,8°C (com o termômetro embaixo da língua). Não estou com dificuldades para respirar ou tossindo. Seria o caso de eu procurar um hospital?",inform_symptoms,
Eu fico de máscara direto tenho todos os cuidados,inform,
esta dificil de puxar o ar,inform_symptoms,
"Sim ,dores",inform_symptoms,
Te explico resumido,inform,
E tbm nao estou tomando nada,inform_medicine,
"Só com esforço , mesmo pouco",inform_symptoms,
Minha mãe sim minhas irmãs as vezes me ajudam.,inform,
"So é chato porque meus colegas vao ficar em panico  se eu permanecer la, e é compreensível pois ate terça antes de apresentar os sintomas e ate depois, eu estava com medo tbm.",inform_symptoms,
Estou sentindo uma certa  dificuldade pra respirar,inform_symptoms,
Precisamos nos preocupar?,request_inform,
"Se eu tiver falta de ar entro em contato de novo, posso?",request_inform,
Um pouco febriu,inform_symptoms,
não só mais a noite,inform,
Muito Obrigado,greeting,
Deu positivo,inform_symptoms,
"Sem paladar, sem ofato. Calafrios  temp. máxima 38 . De ontem para cá mudou, fico com frio e temp. 34.2, 34.8,35. Precisa colocar as mãos na agua quente para subir para 35.5, 36",inform_symptoms,
Tomo medicamento para tratar tudo isso,inform_medicine,
Tenho dúvida com a questão do isolamento,request_inform,
As vezes nos ombros,inform_symptoms,
Uso losartana potassica e hidroclorotiazida,inform_medicine,
No caso da sinusite posso usar o presidin,request_inform,
Tenho fibromialgia,inform_medicine,
Ok esse é um antialergico?,request_inform,
Com a filha dela,inform,unknown
Sou Fisioterapeuta,inform,
E passou esses remedios,inform,
Verifico todos os dias,inform,
Obrigado menina,greeting,
"Não!  E é exatamente isso que me deixa pensativa, pois, não sai de casa :(",inform,
Também tomo loratadina já tomei agora pouco...pra ver se melhor olfato,inform_medicine,
Não comprei,inform,
Azitromicina,inform_medicine,
"Suor frio, cansaço e falta de ar, taquicardia",inform_symptoms,
Usei 4 dias de azitromicina,inform_medicine,
A febre amenizou,inform_symptoms,
"Mal estar  Febre 38, 5 ontem a noite e voltou hoje a noite. Tosse seca, porém espaçada. O nariz entupido..... dores no corpo",inform_symptoms,
Sim.. Ate o momento nao tenho problemas com apetite,inform_symptoms,
Sim do posto de saúde,inform,unknown
Tá bom Obrigada pela atenção,greeting,
Eu tenho medo de algo ruim acontecer comigo,inform_symptoms,
"Sim, ms o q eu faço agr?",request_inform,
Hoje ele deu alguns espirros,inform_symptoms,
E isso me causa muita angústia,inform_symptoms,
"Eu moro só , parece que aumenta o medo",inform,
Mas toma o remédio pra isso já,inform_medicine,
Não posso dizer com certeza. Pois ele não costuma ir ao médico mais muitas vezes que foi verificada a pressão dele estava um pouco alterada,inform_symptoms,
"então, nenhum dos sintomas da covid eu estou tendo agora",inform_symptoms,
"Não tive dor no corpo e  peito, mas sem febre e nem tosse.",inform_symptoms,
Se precisar procurar um posto de saúde,inform,
Obrigado por tira minhas dúvidas,greeting,
E falta de apetite ela tbm tá,inform_symptoms,
Mas não sabia o que fazer,inform,
Comecei com sintomas de gripe a uns três dias,inform_symptoms,
"Prazer, Maria",greeting,
Qual hospital posso procurar?,request_inform,
Ela toma todos os dias o remédio,inform_medicine,
Inicialmente pastosa e depois líquida. Foram apenas duas vezes,inform_symptoms,
É crônica?,request_inform,
Mas a tosse diminuiu bastante!,inform_symptoms,
A pressão sim. A glicemia eu não consigo medir em casa.,inform_symptoms,
Oi bom dia...,greeting,
A dor no corpo sim é o mal estar mas a tosse nao,inform_symptoms,
Hj tirei a pressão deu 12 8,inform,
No dia 30.04,inform,
Mais hj tive uma febre um pouco mais alta e tomei um remédio e deitei,inform_symptoms,
Hoje eu estou sentindo uma dor forte nas costas do lado esquerdo,inform_symptoms,
a noite não durmo com as dores nas articulações e febre tosse aumenta a noite,inform_symptoms,
Há realmente a possibilidade de que esses sintomas sejam relativos ao covid?,request_inform,
Se eu não melhorasse ligasse novamente,inform,
Ou n?,request_inform,
"Os mesmo sintomas persistem,mas ele está conseguindo se alimentar bem até então",inform_symptoms,
E referente a minha ansiedade?? Desde pequeno tenho essas faltas de ar quando fico ansioso.,request_inform,
"Senti febre mas foi no começo ,",inform_symptoms,
"Boa noite,",greeting,
Aí eu fosso de novo vem um pouco,inform_symptoms,
Onde posso encontrar oTamiflu?,request_inform,
Tudo que precisamos pedimos por entrega  Não saímos de casa,inform,
Só  uma  vez que  meu coração  ficou muito  acelerado,inform,
Por que ele nunca diz nada a gente,inform,
Febre tava tendo direto mais desde ontem tou sem,inform_symptoms,
Estou tomando Dipirona há uns 3 dias,inform_medicine,
Não é exatamente a falta só está um pouco mais difícil q o normal,inform_symptoms,
hoje faz 6 dias,inform,
Onde fica mais ou menos,inform,
Senti apenas uma amargo na boca,inform_symptoms,
Tosse sim,inform_symptoms,
Ele não está sentindo dores no corpo e nem na cabeça,inform_symptoms,
Tive tosse só 1 dia achei estranho pois não estou gripada,inform_symptoms,
Explicou que eu tinha que ficar em casa e esperar 14 dias,inform,
Estou fazendo isso,inform,
Ainda não tenho falta de ar.,inform_symptoms,
Se eu precisar amanhã volto a procurar vcs,inform,
"Olá, estou com a garganta muito inflamada e em consequência disso com mal estar.",inform_symptoms,
Até hoje de madrugada,inform,
E agora é um mal estar horrível,inform_symptoms,
Menso com tudo isso que já estou sentindo?,request_inform,
"não sinto mais febre, mas o peso no corpo e na minha cabeça é horrível",inform_symptoms,
Toma todos os dias,inform,
Muita dor no corpo,inform_symptoms,
Ele vai tomar banho agora,inform,
Tá certo muito obg,greeting,
Irei cumprir as recomendações e caso piore entrarei em contato novamente,inform,
Estou com febre.. Dor de cabeça e dores no corpo. Piorou de ontem pra cá. Como devo proceder,inform_symptoms,
sim sim. passou,inform,
Combinado e sobre o teste dessa doença?,request_inform,
Quando tusso dói muito o peito pois as vezes a tosse forte,inform_symptoms,
Ok muito obg,greeting,
Oi Luciana,greeting,
Antes era realmente so quando eu fazia esforco,inform,
"Não amor, muito obrigado",greeting,
prazer,greeting,
"Sei que nao vou precisar procurar, estou vem gracas a Deus",greeting,
Mas não consigo parar de pensar que pode ser o covid 19,inform,
Eu sou médica residentes do hospital universitário,inform,
Nao.. obrigada,greeting,
Os sintomas da minha esposa foi só perca de olfato e paladar e cansaço,inform_symptoms,
"Pergunto porque é uma medicação p/ Tratamento contra H-Pilory que é amoxicilina, claritromicina",inform_medicine,
Meu esposo melhorou da tosse e tbm sente a sensaçao de febre mas nao ta.,inform_symptoms,
Acabei de tomar uma dipirona comprimido,inform_medicine,
O torante é aconselhavel tomar para tosse,inform_medicine,
Cansado,inform_symptoms,
Ele trabalha em área hospitalar,inform,
estou com tontura,inform_symptoms,
"No caso dele, ele trabalha em um lugar isolado tipo um galpão, ele e 3 irmão.",inform,
Começou na quarta feira,inform,
Quando tive febre tomei dipirona,inform_medicine,
Mas.dormimos juntos,inform,
lá faz teste do covid,inform,
CASO DEUS O LIVRE EU TENHA FEBRE AI TOMO O BENEGRIPE OU SO A DIPIRONA,inform_medicine,
Tosse ocasional,inform_symptoms,
Tô tentando,inform,
Eu tenho Muito ansiedade e não durmo com medo,inform_symptoms,
Tô com medo pois sou do grupo de risco,inform_symptoms,
"Não , tive uma trombose há dois anos pelo anticoncepcional",inform_symptoms,
Mais algum tipo de tratamento?,request_inform,
Onde é o melhor lugar pra procurar atestado médico?,request_inform,
Há realmente necessidade de eu ir para um posto?,request_inform,
Sou filho dela e trabalho em hospital.,inform,
Esse dor nas costas ?,request_inform,
"Onde posso ser atendido presencial passando mal, não é corona",request_inform,
A minha irma está em isolamento e eu tbm estou com sintomas e agora meu filho de 6 anos,inform_symptoms,
"As quatro dias não estou me sentindo muito bem. Tive três dias de febre, mal está e dores no corpo",inform_symptoms,
"Desconforto, só mim preocupa pq sinto todos meus órgão inchados",inform_symptoms,
"Não, mas muito obg por me ajudar que Deus abençoe vcs!",greeting,
"mal estar,não sinto paladar nem olfato",inform_symptoms,
Ola! Boa tarde :),greeting,
Obrigada Jéssica!,greeting,
Loratadina pode ser,inform_medicine,
Meu nariz tá entupido né mas não tá me incomodando como antes só o cansaço que tá me incomodando,inform_symptoms,
Veio intensificar a dor no corpo ontem e hoje...mas da dor da garganta estou melhor,inform_symptoms,
Obrigado por tirar as minhas dúvidas:),greeting,
Até a dor nos olhos diminuiu,inform_symptoms,
"Okay, obrigada",greeting,
Quando estou de repouso,inform,
Pela manhã,inform,
Pode grava áudio?,request_inform,
Ah ta,inform,
Hoje estou sentido um pouco na testa,inform_symptoms,
Testei positivo para coronavírus,inform_symptoms,
ta respondendo bem ao paracetamol,inform_medicine,
"Minha esposa esta aqui, mas nao tem nenhum desses sintomas",inform_symptoms,
"No início da tarde senti uma leve falta de ar, mas passou",inform_symptoms,
Minha mãe tem 69 anos e está com alguns sintomas quinta e sexta teve febre e hoje amanheceu sem apetite e sem alfato e sente dor no estômago,inform_symptoms,
Sem falar que fico mais ainda sem disposição,inform_symptoms,
Tenho medo de tudo q tá acontecendo,inform,
Aqui  é  A mae da Letícia,inform,
Melhorando,inform,
E hj estou um pouco cansada,inform_symptoms,
Obrigado desculpa,greeting,
Nao estou me sentido bem,inform_symptoms,
"Sim, mas só 37.8°C",inform,
Tenho pressao alta e tenho ritimia,inform_symptoms,
estamos bem preocupados,inform,
Ao mesmo tempo,inform,
Ouvido e garganta estão doendo,inform_symptoms,
Queria uma informação,request_inform,
Para a congestão nasal?,request_inform,
Muito obrigada Bruna,greeting,
"Estou gripada a alguns dias , mais no hoje ta tipo como se fosse no finalzinho sabe",inform_symptoms,
Posto de saúde não?,request_inform,
Eu comecei a tosse agora a tarde,inform_symptoms,
Se eu tiver uma piora  Falo com você novamente,inform,
Faz tratamento no posto de saúde pressão alta e colesterol,inform_symptoms,
Achei que podia ter melhorado Mas apetite sumiu  Agua amarga,inform_symptoms,
Só agora a noite,inform,
Formigamento,inform_symptoms,
Meu marido também está com mesmo sintomas,inform_symptoms,
Ok irei fazer isso,inform,
Por hora não!,inform,
"Toma o remédio, passa a febre ele fica bem",inform_medicine,
Não . Obrigada,greeting,
Me informe pfv,inform,
Mais tive febre  dois dias atrás,inform_symptoms,
"4,5vezes",inform,unknown
Compreendo,inform,unknown
"Então ele vai ao hospital , não vou com ele pra previnir",inform,
Continuo tomando paracetamol?,request_inform,
Se sentir algo mais diferente na respiração e a tosse aumentar eu vou ok?,request_inform,
Nariz  com sensação que fosse gripar,inform_symptoms,
ACHEI Q N TIVESSE CATARRO NA COVID.,inform,
E coriza,inform_medicine,
Sertralina,inform_medicine,
"Respiro bem,",inform,
Foi ao posto está com glicose muito baixa e está vomitando,inform_symptoms,
Mais tbm estou com resfriado,inform_symptoms,
A febre também não voltou,inform_symptoms,
Nenhuma,inform,
Também perdi o olfato e o paladar,inform_symptoms,
Uma enfermeira de posto,inform,
E agora a noite tomei uma sopa.,inform,
"Não ,tem uma upa",inform,
Ta certo vou tomar ate amanha se n melhorar na segunda procuro atendimento médico,inform,
Estou sentindo febre e dor de garganta desde de terça feira,inform_symptoms,
Mas juntas e na garganta,inform,
Parte frontal,inform,
O resto estar tranquilo,inform,
Tomava bombinha,inform_medicine,
Febre baixa,inform_symptoms,
Sou APLV,inform_symptoms,
Mais ja tem uma certa idade,inform,
"Tenho medo também, por minha filha.  Ela tem síndrome de donw e ja fez cirurgia no coração",inform_symptoms,
"Olá , meu esposo teve febre por mais de 3 dias mais se recusou a ir no medico , enfim ele ficou melhor, só que eu comecei junto com ele a não sentir cheiro e nem sabor de nada , com uma dor nas costas muito forte, estou melhorando porem minha sogra aqui do lado teve os mesmos sintomas exceto febre , mais aí da está com tosse , ela tem diabete e labirintite",inform_symptoms,
Dor na garganta e ardendo,inform_symptoms,
A pra me tomar só que parei de tomar !! E de 20 mg dia  1 comprimido dia,inform_medicine,
Eles vai na casa da gente,inform,
"Só tosse moderada e nariz entupido e muita moleza , fraco, fraco",inform_symptoms,
Alprazolam 0.5 mg,inform_medicine,
Eu tento brincar com minjas filhas,inform,
"Essa dor que sinto já é mais na parte superior das costas próximo aos ossinhos das costas, não sei se é omoplata que chama",inform_symptoms,
Não eu não fui,inform,
"Começou no sábado de noite Eu fiquei com o nariz entupido.  E no domingo, acordei com o corpo mole, dor de cabeça e nos olhos e um pouco quente.  Ontem, continuei do mesmo jeito. Já hoje, estou bem melhor, apenas dor de cabeça e nos olhos e nariz entupido.",inform_symptoms,
Isso tá me preocupando .,inform,
Muito bem.,greeting,
"Hoje eu estou com muita dor no peito, nas costas e no diafragma",inform_symptoms,
Ta bom A febre de covid pode ir e voltar?,request_inform,
Já era pra ter evoluído pra uma coisa pior?,request_inform,
Fadiga cansaso,inform_symptoms,
Aí dou o remédio e passa,inform_medicine,
Mudou,inform,unknown
"Meus pais, eu e minha irmã",inform,unknown
Medi minha pressão deu 15x9 as vezes 15x 10.,inform,
Eu quero fazer uma consulta Sou idoso tenho 68 estou com febre muita moleza no corpo dor de cabeça,inform_symptoms,
Fiquei preocupada devido essa ânsia de vômito,inform_symptoms,
É o q estou fazendo,inform,
Sou lactante minha BB tem 5 meses,inform,
Boa tarde. Estou muito cansado,inform_symptoms,
"Tosse sim, mas não é o tempo todo.",inform_symptoms,
Estou na dúvida se tenho ou não,request_inform,
comecei ontem,inform,
Você consegue decifrar pra mim quantas vezes tem dizendo pra tomar?,request_inform,
Oi vc ainda esta ai,request_inform,
A febre tive 2 dias mais foi semana passada,inform_symptoms,
Começou aparecer antes de ontem ela vem e passa,inform,
Sinto muita fraqueza.,inform_symptoms,
Nenhuma. Fui aconselhada por vocês a dar chás para a tosse e Dipirona ou Paracetamol. Qualquer novidade eu volto a contatar vocês. Obrigada,inform_medicine,
"Estou desde domingo de manhã . Não é agonizante, porém tenho que puxar o ar até o final para conseguir respirar. Nunca tive esse tipo de problema antes",inform_symptoms,
"Tenho medo de ir no posto e ser pior, pois se estou com alguma virose penso que estou mais suscetível a pegar alguém doença mais grave",inform,
Mas sinto minha garganta ardendo,inform_symptoms,
"Tenho um caso confirmado de coronavírus na casa em que moro, eu estou cuidando do doente, levando comida, água e lavando seus utensílios",inform,
"Nao nao, até agora nenhuma das duas",inform,
Perda de olfato paladar fosse,inform_symptoms,
"Mas, quero prevenir logo.",inform,
Mas vc acha que eu possa estar com covid-19?,request_inform,
Consigo,inform,
E tudo muito estranho,inform,
OK,greeting,
Mais agora só esta dando ate 36.7,inform,
Seria q mesmo q eu tome medicamento ela ainda assim persista?,request_inform,
Hoje é o quarto dia! Ele só teve febre de até 38.9 é um pouco coriza! As febres estavam acontecendo mais ou menos com um intervalo de 10hrs de uma pra outra!,inform_symptoms,
A dipirona da um pouco de dor no estômago,inform_medicine,
Esta com dor de cabeca e dor de garganta,inform_symptoms,
Faço uso do cleniu,inform_medicine,
E coriza e sensação de fraqueza,inform_symptoms,
Pelo zap ou por aqui,request_inform,
Posso retomar o uso do Alektos? Me sinto bem quando uso,request_inform,
"Hj ela quase não anda hj, acordou com muita dor.",inform_symptoms,
Não não. Tudo esclarecido tá.,inform,
Alimentando menos que o de costume pois não tem sabor de nada,inform_symptoms,
Desde segunda ou terça-feira,inform,
"Por enquanto não, obrigado!",greeting,
Suco de laranja com beterraba,inform_medicine,
mais nao tive febre nehum momento cinto um coçeira no nariz principalmente do lado esquerdo,inform_symptoms,
Mais queria algo pra tosse,request_inform,
"O sintomas da febre eu senti no dia 27 pela noite mas n senti tão alta, no outro dia (28), pela manhã, eu estava sem febre, mas a tarde senti um pouquinho de novo, depois passou, a noite eu não senti nada, e desde a noite do dia 28 que não senti mais febre. Mas a tosse começou ontem, depois que eu comi o biscoito, imaginei que fosse algum resquício do biscoito que ficou preso na garganta, depois foi água que eu bebi, senti a garganta coçar depois que bebi, e hoje de manhã eu também não tinha sentido a garganta coçar, até comer alguma coisa.",inform_symptoms,
Amém!  Que Deus proteja a sua família também!,greeting,
Intenso,inform,
Ou Dipirona,inform_medicine,
Eu comecei a usar o Neosoro pq eu meu nariz tá entupindo muito,inform_medicine,
Vc indicaria algum remedio,request_inform,
pois ta certo obrigado  mais um vez,greeting,
"a preocupação toma conta de mim e eu fico muito ansiosa, sinto um desconforto na garganta como se tivesse algo impedindo a passagem do ar",inform_symptoms,
"Caso a febre persista, onde posso procurar atendimento?",request_inform,
?oi,request_inform,
Mais seu que e errado mais acho melhor q ir nos posto de unidade e corre um risco maior,inform,
Mais aqui nak estamos com nenhum sintomas graças a Deus,inform,
Vi ao posto porque ontem nao consegui dormi,inform,
Hoje é o terceiro,inform,
Não sinto gosto e  nem cheiro,inform_symptoms,
O Jantar e hoje pela manhã frutas que ingerir hoje pela manhã,inform,
"Ela tá dormindo agora, eu tô achando a respiração dela um pouco rápida",inform_symptoms,
Tomei dipirona hoje as 8:00 porque levantei tarde,inform_medicine,
Não preciso usar máscara?,request_inform,
"Os atendimentos emergências não estão recebendo ,",inform,
"Meu filho mais novo foi ficar com pai que é viciado e bebe, o pai o agredil ,meu filho ficou no tio ,eu na casa de uma amiga morando de favor, o outro brigado com pai , não quis ficar na minha mãe ,ficou dormindo na rua por 5meses ,acho que isso tudo ainda mexe com meu psicológico tbm",inform,unknown
Meu esposo teve febre dor no corpo,inform_symptoms,
Estou doente a 3 dias,inform,
Na verdade ele começou no sábado com sinusite,inform_symptoms,
O que eu faço???,request_inform,
So que ele esta melhor,inform,
Tô isolada em um quarto,inform,
Qual hospital possa me atender,request_inform,
"Não, mais é preta",inform,
Esse vírus passa quando dias no organismo?????,request_inform,
Não obrigada.,greeting,
"não tenho histórico, mas acredito que possa ser",inform,
Fico com inchaço!,inform_symptoms,
"Não, obrigadaa",greeting,
Também acho me arrisquei saindo de casa ate o hospital São José e nada,inform,
"só tosse fraca, um pouco de dor de garganta, corrida sim",inform_symptoms,
"Estou um pouco indisposta, ainda continuo com o nariz entupido. E n estou sentindo cheiro e nem sabor",inform_symptoms,
Diazepam,inform_medicine,
Coristina D,inform_medicine,
"Não, estava apenas assistindo filme quando começou essa sensay",inform,
Ontem ela voltou de madrugada,inform,
Só que ele está fraco e com falta de ar.,inform_symptoms,
Raramente,inform,
Preciso de alimentos e máscaras,inform,
Hoje estou apresentando falta de paladar e falta de oufato,inform_symptoms,
E as vezes uma dor nos olhos,inform_symptoms,
Ta deixa so eu te pergunta uma coisa o fato de eu toma esses remedios todo fico com a imunidade baixa?,request_inform,
"Bom, minha mae faleceu ontem devido ao covid 19, mais antes de eu levar ela ate a UPA, eu estava bem, ai tive que passar a noite com ela....quando eu voltei pra casa, eu comi, tomei banho, fiz a igiêne adequada e deitei pra dormir, quando eu acordei eu acordei com febre e diareia, mais isso só foi no primeiro dia",inform_symptoms,
E as dores nos olhos,inform_symptoms,
Estou com febre Dor decabeça Garganta arannhando Ardência nos olhos (quente) e corpo bem dolorido principalmente região lombar.,inform_symptoms,
Meu marido também está com tosse minha mãe também,inform_symptoms,
Nao teve febre falta de ar ne tosse so perda de palada de alfato  e falta de apetite coris e do no corpo,inform_symptoms,
Ok. Bom dia,greeting,
Dificuldade para respirar,inform_symptoms,
Com mal estar intenso,inform_symptoms,
já fico pensando que algo no pulmão,inform_symptoms,
Ele ta com uso de máscara,inform,
"Eu senti febre, dor de cabeça por trás dos olhos e dor no corpo de quarta pra quinta, mais passou sexta não senti nada",inform_symptoms,
Ok muito obrigado,greeting,
Respiração mais forte,inform_symptoms,
"Mas pra mim anormal,pois nunca senti antes e sinto responder nas costas",inform,unknown
No sábado passado.,inform,unknown
Sim. Mas estava muito lotado. Optei por retornar amanhã.,inform,
"Sim, ansiosa.",inform_symptoms,
Água morna e vinagre,inform,
Por isso q digo q é o mais triste,inform,
Cada vez aumentava um pouco,inform,
De falar,inform,
"Gostaria de saber onde posso levar ele pra fazer os exames, mesmo sendo particular",request_inform,
Então me impressiono muito,inform,
Para ambos,inform,unknown
Trabalho na area da saude e falando com a enfermeira da clinica pela manha ela achou estranho a minha temperatura e fiquei preocupada,inform_symptoms,
"Tive febre no primeiro dia, calafrios nos dois seguintes, muita fraqueza, e nos sétimo e oitavo dia tive diarreia",inform_symptoms,
Não momento,inform,
Só estou com dor fe cabeça,inform_symptoms,
Mas está tomando mais é suco,inform_medicine,
Obrigado*,greeting,
No caso irei a Upa de Uber pois fica um pouco distante e não tem ônibus que vá pra lá,inform,
Já,inform,
tbm nao,inform,
Vai completar,inform,unknown
Tenho medo pq moro num apartamento pequeno com uma criança de 5 anos e meu marido. Não tenho como me isolar aqui.,inform,
"Só  isso msm, obrigada",greeting,
Me passou o teste rapido,inform,
boa tarde ju,greeting,
Diarreia com muita dor no estômago.,inform_symptoms,
Eu ia fazer o teste nos laboratórios,inform,
"Caso não pare, até quando irei conviver com isso ?",request_inform,
Mas eu ja estava tomando desde terça-feira,inform_medicine,
Não era só isso mesmo,inform,
Estou bem melhor q estava,inform,
Moro sozinha,inform,
No caso dela,inform,
Esses dias procurei me apegar com DEUS e procurei ler,inform,
E devemos usar máscara mesmo Dentro de casa,inform,
"Minha vó está com covid19 como ela não encherga eu e minhas irmãs e minha mãe, cuida dela, ela já foi internada",inform,
Muita angustia,inform,
"Tb tenho panico ,depressao e ansiedade",inform_symptoms,
esse o avamys,inform_medicine,
Sim  Mas tipo  Minha febre fica por pouco tempo e passa rápido  Não estou tendo falta de ar  Nem tosse seca,inform_symptoms,
Estou só sem sente cheiro e gosto,inform_symptoms,
Gostaria de saber Se posso tomar alguma coisa ou não.,request_inform,
Sinta mta dor nas costas,inform_symptoms,
Sou muito apegada a eles,inform,
Bem pouco,inform,
Será q minha garganta ainda está inflamada??,request_inform,
Diminuiu um pouco o cansaço,inform_symptoms,
"sintomas  da covid a 5 dias .2 dias atrás  sem febre. Ainda tosse , dor nas articulações  Marido sintomático",inform_symptoms,
Fico com a boca seca!,inform_symptoms,
Você está me ajudando bastante,inform,
Um dos irmãos dele teve a covid,inform,
Tentei ligar para saber como estar la mas não consegui entrar em contato,inform,
No momento o sintoma que eu e minha esposa estamos sentindo é perca de olfato e paladar,inform_symptoms,
E cansaço,inform_symptoms,
Hoje faz 12 dias do meu primeiro sintoma,inform,
"1 m e 47,peso 85",inform,
Quando tiro a tem peratura ao me sentir quente xaria entre 36 e 37 passa ao tomar Dipirona,inform_medicine,
Então  já vai ser amnha,inform,
Ele é asmático,inform_symptoms,
"Ta com dois dias que fui para o hospital e quando fui fizeram eletro, raio-x, disseram que estava tudo bem e me mandaram para casa",inform,
Queria algo pra tosse.  Pois a tosse e incessante,inform_symptoms,
"Só a cabeça pesada, e a perda de paladar e olfato",inform_symptoms,
"Estou com dor no corpo desde o domingo, uma dor no braço esquerdo, e não estava conseguindo segurar alguns objetos. E a minha pressão que baixou de repente.",inform_symptoms,
Como a garganta está inflamada sinto uma queimação no nariz,inform_symptoms,
"Não, só no 1 dia que eu senti nas mãos",inform_symptoms,
"Hoje não há mais febre , somente dor de garganta.  Dor de cabeça , e mau estar.",inform_symptoms,
"Sim, estou tomando Dipirona",inform_medicine,
Mas hj não está,inform,
eu to contando desde quinta passada,inform,
Tomei a poucos minutos,inform,
"Sim, Dipirona  e anti alérgico",inform_medicine,
"Estava com vontade de tomar aquelas gotas de dipirona, mas preferi aguardar.",inform_medicine,
"Entendi, então deixo para fazer o exame na unidade médica?",request_inform,
Obrigado e bom trabalho,greeting,
"Geralmente de manha cedo, a tarde depois do almoço e a noite",inform,
Ja medimos a pressão e dar muito baixa,inform_symptoms,
Estou lavando o nariz tbm como orientado,inform,
Nem com ele e nem com a família dele,inform,
E essa dor tomo o que,inform,
Sim. Ele toma remédio,inform_medicine,
"Ok, muito obrigado.",greeting,
Olá Mariany! Obrigada desde já!,greeting,
"Certo. Vou tentar aqui, é o tempo que o posto abre. Muito obrigada Bom trabalho",greeting,
Me falando q remédio devo usar para conter a tosse,request_inform,
Você aconselha eu ir agora mesmo com esses sintomas ou deixo para ir mais tatde? Caso apareça mais sintomas?,request_inform,
"Sim, pra pressão, dor no joelho, tireóide",inform_symptoms,
Ela tem asma alérgica,inform_symptoms,
É muito confuso isso  a gente n sabe o que fazer,inform,
mas volta total?,request_inform,
Eu tenho ansiedade Aí mistura é tudo,inform_symptoms,
Pq tava muito inquieta,inform_symptoms,
Vamos sim,inform,
Não melhorei. Apenas diminui,inform,
Meu marido não tem.nenhum problema de saúde,inform,
Sentindo o corpo quente.,inform_symptoms,
Tosse dor no corpo e febre,inform_symptoms,
Só meu outro filho que até agora disse não sentir nada,inform_symptoms,
Tenho 50 anos,inform,
"gostaria de saber onde posso fazer o exame da covid   teve febre, dor de cabeça, e nas costas, vômito mais esses sintomas já passou, agora do tenho tosse bem gordinhas e alguns espirros",inform_symptoms,
MAS  DE  15  DIAS,inform,
Não Tomo nenhum remédio,inform_medicine,
Devo desligar celular antes de dormir com quantas horas,inform,
As vezes sim e as vezes quando estou parada tbm,inform,
Dr Stefane. Eu estava sentindo febre só durante a noite,inform_symptoms,
Estou sentindo uma ardência no nariz subindo pra cabeça,inform_symptoms,
Dr.,request_inform,unknown
Essa falta de ar me deixa fraco,inform_symptoms,
Febre alta e cansaço extremo,inform_symptoms,
Estou com diarréia,inform_symptoms,
Tive una piora.,inform,
"Tenho receio de ir, e voltar infectada",inform,
"Meu padrasto teve febre (38°), dor no corpo, dores de garganta, nos olhos e calafrio",inform_symptoms,
Tenho Pouco contato,inform,
Vcs não teriam algum médico que pudesse ir a domicílio?,request_inform,
Obrigado flor,,
Amoquicilina Dipirona antialérgico,greeting,
O que eu sentia antes era só dor nas costas,inform_symptoms,
Ela chegou com a saturação 83,inform,
Horas mais horas menos,inform,
as vezes sim,inform,
Ah Comprar,inform,
Muito obrigado pela atenção,greeting,
Com a falta de olfato e paladar e indisposição,inform_symptoms,
e sem sentir cheiro e nem gosto eu e meu marido,inform_symptoms,
Mas tenho muito medo que seja,inform,
Compreendir,inform,
A boca fica seca e uma inquietação dentro de casa,inform_symptoms,
Para controlar,inform,
Obrigado pela atençao,greeting,
Não Por favor,request_inform,
Esqueci,inform,
N uso nenhum remedi,inform_medicine,
"Minha asma é bastante controlada hoje em dia, raramente preciso utilizar minha bombinha de salbutamol e o nebulizador, mas caso gripe preciso fazer uso disso e as vezes também de aminofilina",inform_medicine,
Mas não seria bom fazer o teste pra saber se estou com covid-19 ou descartar?,request_inform,
Com a possibilidade de está com covid,request_inform,
Minha tosse melhorou mt,inform_symptoms,
Tomou dorflex pra dor de cabeça,inform_medicine,
E tô expectorando um pouco,inform_symptoms,
Com dor nos olhos,inform_symptoms,
"Tomei e fui dormir, mas acho q não voltou estava com muita dor de cabeça pra levantar e medir novamente",inform_symptoms,
"Já cheguei a 38⁰. Essas últimas noites, 37,8⁰ e 37,9⁰.",inform,
É isso que estou fazendo,inform,
"Aerosol, bombinha",inform_medicine,
Será que tem relação esses sintomas?,request_inform,
E estar com tosse incontrolável,inform_symptoms,
E uma tose horrível,inform_symptoms,
Ele disse que só pode dormir papo pra cima ou do lado esquerdo do lado direito não tá conseguindo,inform,
"E se fosse falta de ar, procurasse uma unidade de saúde pronto atendimento",inform_symptoms,
"Não, muito raro",inform,
Ela tem plano,inform,
Pq já tinha tomado outras vezes que fiquei assim,inform,
"Não, obrigada",greeting,
"Cansaço, falta de olfato e paladar, dor de garganta...",inform_symptoms,
"Ok,obg",greeting,
Estou com alguns sintomas que podem ser do covid 19,inform,
E minha pressão normalmente é baixa,inform,
Posso mandar uma foto do comprimido,request_inform,
Consigo mas fico cansado,inform_symptoms,
Não sinto dor ao respirar..,inform_symptoms,
"Ok, obrigada por me ajudar",greeting,
"Bom dia! Comecei com um mal estar na Quinta-feira semana passada, um pouco de tosse, e dor de cabeça, no Sábado perdi o Olfato e Paladar e até hoje não recuperei, mais os demais sintomas que estava sentindo melhorei",inform_symptoms,
"Estou a 6 dias com calafrio, tosse, mal estar, dores no corpo, naris entupido",inform_symptoms,
E tratamento ?,request_inform,
Ok  e muito obrigado.,greeting,
Vc é médico?,request_inform,
sim hoje,inform,
"Quando eu do uma tosse eu canso, qualquer esforço físico eu canso, e a falta de ar tmb da quando eu dou uma tosse e da mais pelo horário da manhã e da noite",inform_symptoms,
hoje eu to com mal estar e to meio puxando o ar,inform_symptoms,
É isso mesmo eu fiz errado,inform,
1atenolol por dia,inform_medicine,
"Boa tarde, minha filha  teve três  dias de febre e dores no corpo. Ela está  no quinto dia do início  dos sintomas, e a única  coisa que sente é  o nariz às vezes  entupido e voz fanhosa. Estou tratando como covid, a colocando no isolamento domiciliar. Mas há  dois dias venho sentindo dores nas minhas costelas, principalmente  nas costas. Não  tenho febre, nem tosse, nem corpo  dolorido.  Essas dores nas costas pode ser um sintoma  de covid 19?",inform_symptoms,
É eu tenho alergia... Muito forte... Principalmente que eu trabalho com trigo,inform_symptoms,
Sabe informar se lá tem telefone?,request_inform,
"Estou com alguns sintomas, tenho plano de saúde, mas nao quero ir ao hospital com receio de contaminação",inform,
Aí quando foi no outro dia eu procurei a OAB aí a enfermeira disse e quando eu fizesse 11 dias eu fazer o exame,inform,
Já faz uns cinco dias,inform,
Paracetamol em gotas. Posso tomar dorflex comprimidos? Ou somente dipirona e paracetamol?,request_inform,
Assim me tranquiliza também,inform,
Todos menos falta de ar e sem dor na garganta,inform_symptoms,
Domingo passado,inform,
Fazendo alguma coisa,inform,
Mas nunca tive problemas respiratórios enquanto fazia,inform_symptoms,
Mas não estou tendo tosse,inform_symptoms,
"Primeiramente me deu febre, dor no corpo, e um dia de diarréia, fiquei também sem sentir gosto e cheiro.",inform_symptoms,
Tive febre só o nariz entupido tosse não e nem falta de ar,inform_symptoms,
Vou melhorando aos poucos,inform,
Vou tentar focar nisso,inform,
Umas 10H eu durmo e acordo sempre antes das 8,inform,
O que me indica a comer ou tomar sobre alimentação?,request_inform,
Só que ainda não indentifiquei a que eu tenho a reação alérgica. Os serviços foram suspensos com a pandemia.,inform,
"Hoje estou bem, só quero saber se o olfato e o paladar voltam ao normal",inform_symptoms,
Mais é suportável,inform,
Lá chega casos direto,inform,
Ela nao sai de casq,inform,
Entrei em contato com vocês no sábado,inform,
Faz 5 dias hoje.,inform,
Ok pode ser,greeting,
É tao difícil,inform,
Com a saudade que sinto dos meus outros parentes,inform,
Aí como o PCR deu 10.9,inform,
"Ontem e hoje senti alívio da dor de cabeça e nariz. Mas mesmo assim hoje, ao almoçar, senti absolutamente gosto de nada.",inform_symptoms,
Posso tomar algum medicamento??,request_inform,
Encontrei esse número que chama e ninguém atende mais vou perguntar minha amiga,inform,
1 dia febre e dor nos olhos aí 2 dia melhorei,inform_symptoms,
Tive olhando minha lingua e está amarelada como se estivesse suja algo assim,inform_symptoms,
"Também senti dores de cabeça fortes, mas ja passaram",inform_symptoms,
não consigo puxar o ar todo do pulmão  tipo qnd eu vou inspirar  eu não consigo puxar muito ar pra soltar,inform_symptoms,
O coração acelerado desde ontem. Mas a falta de ar hj,inform_symptoms,
Pois é....o q eu faço já q o dele deu alto?,request_inform,
"Tive febre ontem a noite de 38,5",inform_symptoms,
Eles já estão bom,inform,
E a falta de gosto e cheiro,inform_symptoms,
Mais quando estou parado,inform,
Volta,inform,
"Nao tenho febre, e nao acordo indisposta",inform_symptoms,
"Sinto muita dor no corpo, dor de cabeça, mal estar, ardência nos olhos, isso já tem 3 dias.",inform_symptoms,
Pensei em ser dengue tbm,inform,
Estou aqui ainda,inform,
Ou tá 24h?,request_inform,
hipertensão,inform_symptoms,
Pra falar tbm,inform,
"Ele Sente dor nas costas, dor nos olhos, febre de 38 graus, calafrios, tosse de vez em quando.",inform_symptoms,
"Tá meio mal, estou dormindo praticamente sempre de madrugada e acordando de tarde",inform_symptoms,
Hoje amanheci com nariz  pouco entupido.,inform_symptoms,
No momento estamos sem medidor,inform,
Como fica?,request_inform,
Saberia mim responder,request_inform,
Penso que vou ter um câncer morrer,inform,
É o médico me receitou nimesulid,inform_medicine,
Sobre minha bebê de 1 ano,inform,
Sou hipertensa e diabética e vou fazer 60 anos no próximo dia 10 de julho.,inform_symptoms,
volto a tomar no primeiro dia é?,request_inform,
Tenho plano de saúde Unimed multiplan,inform,
Estou tossindo a algum tempo,inform_symptoms,
Estamos só em casa direto.,inform,
Esses postos não atendem,inform,
"Nessa minha situação então, não preciso preocupar?",request_inform,
"Certo, estou usando tbm, meu medicamentos de costumes",inform,
Eles mandaram eu retorna pra casa e cuida da Saúde.,inform,
"Minha vó teve febre de um dia ,está um pouco cansada ,teve um dia de diarréia ,está tossindo",inform_symptoms,
Pois obrigada pela conversa,greeting,
Só o que tá mim incomodando e o nariz,inform_symptoms,
Sou obesa e nesses últimos dias estou comendo mais é mais,inform_symptoms,
Mas pode ser Covid 19,inform,
incomodo na garganta. inflamada,inform_symptoms,
Vendo agora,inform,
E se n melhorar em 2 diaa,inform,
Mas em casa n tenho como ficar em um quarto isolada,inform,
"Muito obrigado, Stefane! Pela atenção e pelas explicações.",greeting,
Tipo como estou agora,inform,
Tá,inform,
"S 36,1",inform,
Nariz entupido é considerado sintoma de covid? Ou só a sensação de falta de ar?,inform_symptoms,
Apenas quando eu ficava nervoso com algo,inform,
Paracetamol às 8h,inform_medicine,
Mas ontem não estava bem tomei,inform,
Nesse momento agora só estou meio febril e dor nas costa com ardência !,inform_symptoms,
"Mal estar, desânimo",inform_symptoms,
Tosse está com dois dias,inform_symptoms,
Mas como faço para fazer teste rápido,inform,
Comer uma alimentação saudável,inform,
"E agora gripei e desde de ontem que estou muito fraca bastante dores nas pernas , sensaçao de como se estivesse no local com ar condicionado e a cabeça meio.pesada",inform_symptoms,
Vou procurar,inform,
Mente cansada,inform_symptoms,
Sei onde fica sim,inform,
Se eu fizesse o exame ficaria mais aliviado,inform,
Nada de falta de ar nem torce,inform_symptoms,
So o Neosoro msm,inform_medicine,
Hoje Passei o dia deitada,inform,
nesse momento tenho febre nas maos e no pe,inform_symptoms,
E parece que estou com febre interna,inform_symptoms,
Mas o meu esposo hoje começou a ter febre alta,inform_symptoms,
Já passou,inform,
Ñ sinto cheiro de nada e nem gosto,inform_symptoms,
Tomei coristina d,inform_medicine,
"Dor de cabeça,Dor de garganta,sem paladar,Dor de barriga",inform_symptoms,
Mais começou ontem pela manhã,inform,
Fora analgésicos,inform,
Já estamos sim,inform,
Nao sai,inform,
"não posso Tomar nenhum medicamento, pra prevenir o agravamento da doença?",request_inform,
Com a mesma facilidade,inform,
Ta certo Dra Juliana,inform,
Nao sinto cheiro nem gosto das coisas e estou sentindo una calafrios e fraqueza.é sintomas grave?,request_inform,
Unica coisa que sente vontade é de ficar deitada,inform_symptoms,
E a única sensação é vontade às vezes de dormir,inform_symptoms,
"Febre teve quarta, sabado e ontem",inform_symptoms,
"Não mama ,mais ele puxa a mascara",inform,
Foi dia 3 de maio,inform,
Certo vou fazer isso,inform,
Ele pede o swab ou PCR,inform,
"Tá certo, qualquer coisa se precisar de atendimento eu devo comunicar aqui primeiro?",request_inform,
Alguns sintomas que eu estou sentindo,inform,
Já liguei pra upa disserao q la tá super lotado,inform,
Deu uma Dipirona e baixo para 35,inform_medicine,
Deu não reagente,inform,
Aparentes tem um centro especializado no combate ao corona aqui,inform,
Pq pra eu ir pro hospital do coração,request_inform,
Obrigada. Me preocupo com meus filhos. Ainda mais com o pequeno que tem esse problema.,greeting,
